순번,분전함,세부주소,등주수량,등수,데이터기준일자,weight
"1",고등공원로1,경기도 성남시 수정구 고등동 589-2 / 이마트24부근사거리,"29","53",2025-08-05,0.40
"2",고등로1,경기도 성남시 수정구 고등동 588 / 고등제일교회,"25","42",2025-08-05,0.40
"3",고등로2,경기도 성남시 수정구 고등동 578 / 고등제일교회,"14","14",2025-08-05,0.40
"4",고등로3,경기도 성남시 수정구 고등동 576 / 자이301동 터널지나,"29","46",2025-08-05,0.40
"5",고등로3길1,경기도 성남시 수정구 고등동 575-6 / 자이308동부근,"20","20",2025-08-05,0.40
"6",공원로1,경기도 성남시 수정구 신흥2동 2464-1 / 청구아파트앞,"34","34",2025-08-05,0.40
"7",공원로2,경기도 성남시 수정구 신흥3동 2827 / 노상주차장,"13","26",2025-08-05,0.40
"8",공원로3,경기도 성남시 수정구 신흥동 1748 / 성남초교사거리,"61","63",2025-08-05,0.40
"9",공원로352번길1,경기도 성남시 수정구 신흥2동 2463 / 희망대공원앞,"34","34",2025-08-05,0.40
"10",공원로370번길1,경기도 성남시 수정구 신흥2동 2024 / 희망대삼거리(카센터앞),"6","17",2025-08-05,0.40
"11",공원로4,경기도 성남시 수정구 태평동 1 / 공영주차장앞,"40","40",2025-08-05,0.40
"12",공원로5,경기도 성남시 수정구 신흥동 116 / 신흥성당입구,"44","44",2025-08-05,0.40
"13",공원로6,경기도 성남시 수정구 태평동 1992-1 / 성남여중맞은편,"16","16",2025-08-05,0.40
"14",공원로7,경기도 성남시 수정구 복정동 산76 / 자광원앞,"26","26",2025-08-05,0.40
"15",공원로8,경기도 성남시 수정구 복정동 산76 / 자광원앞,"24","24",2025-08-05,0.40
"16",금토로1,경기도 성남시 수정구 금토동 406-1 /,"13","22",2025-08-05,0.40
"17",금토로2,경기도 성남시 수정구 금토동 410-61 /,"11","14",2025-08-05,0.40
"18",금토로3,경기도 성남시 수정구 시흥동 293-48 /,"11","14",2025-08-05,0.40
"19",금토로4,경기도 성남시 수정구 시흥동 산51-2 /,"18","29",2025-08-05,0.40
"20",금토로1,경기도 성남시 수정구 금토동 406-1 /,"13","22",2025-08-05,0.40
"21",금토로2,경기도 성남시 수정구 금토동 410-415 /,"11","14",2025-08-05,0.40
"22",금토로3,경기도 성남시 수정구 금토동 410-414 /,"11","14",2025-08-05,0.40
"23",금토로4,경기도 성남시 수정구 금토동 405-11 /,"18","29",2025-08-05,0.40
"24",금토로80번길1,경기도 성남시 수정구 금토동 315-10 /,"31","43",2025-08-05,0.40
"25",금토로80번길2,경기도 성남시 수정구 금토동 315-1 /,"32","45",2025-08-05,0.40
"26",금토로80번길3,경기도 성남시 수정구 금토동 427-21 /,"22","27",2025-08-05,0.40
"27",남한산성로1,경기도 성남시 수정구 단대동 산101 / 웃논골 버스정류장,"53","28",2025-08-05,0.40
"28",남한산성로2,경기도 성남시 중원구 은행2동 14-2 / 구매표소앞계단,"63","65",2025-08-05,0.40
"29",논골로1,경기도 성남시 수정구 양지동 743 / 헤어 화,"33","33",2025-08-05,0.40
"30",논골로2,경기도 성남시 수정구 단대동 6985-14 / 5M보안등(논골),"6","6",2025-08-05,0.40
"31",단대로1,경기도 성남시 수정구 산성동 510-3 / 단대공원산성공영주차장앞,"9","11",2025-08-05,0.40
"32",달래내로1,경기도 성남시 수정구 금토동 270-5 / 남산마을금토제4경로회관앞,"26","26",2025-08-05,0.40
"33",달래내로2,경기도 성남시 수정구 시흥동 293-45 /,"12","22",2025-08-05,0.40
"34",달래내로3,경기도 성남시 수정구 상적동 216-13 / 고속도로굴다리터널등(옛골굴다리),"20","20",2025-08-05,0.40
"35",달래내로4,경기도 성남시 수정구 상적동 240-1(한전240-4) / 달래내고개,"27","31",2025-08-05,0.40
"36",달래내로5,경기도 성남시 수정구 금토동 410-46 /,"14","23",2025-08-05,0.40
"37",달래내로6,경기도 성남시 수정구 금토동 293 / 금토제4경로회관(남산마을맞은편),"23","23",2025-08-05,0.40
"38",대왕판교로1,경기도 성남시 수정구 시흥동 281-20 / 금토삼거리 버스정류장,"18","22",2025-08-05,0.40
"39",대왕판교로10,경기도 성남시 수정구 신촌동 124-3 / 신촌동버스정류장(상),"19","19",2025-08-05,0.40
"40",대왕판교로11,경기도 성남시 수정구 신촌동 119-2 / 신촌동 쉼터앞,"19","19",2025-08-05,0.40
"41",대왕판교로12,경기도 성남시 수정구 오야동 226-3 / 신촌동사무소입구(오야동),"28","28",2025-08-05,0.40
"42",대왕판교로13,경기도 성남시 수정구 심곡동 220-12 / 서울공항정문맞은편(추어탕),"27","27",2025-08-05,0.40
"43",대왕판교로14,경기도 성남시 수정구 심곡동 (한전473-2) / 심곡저수지앞,"33","33",2025-08-05,0.40
"44",대왕판교로15,경기도 성남시 수정구 고등동 272-1 / 등자리입구(하)버스정류장쉘타뒤,"33","33",2025-08-05,0.40
"45",대왕판교로16,경기도 성남시 수정구 고등동 583 / 고등동사거리(하)버스정류장,"16","16",2025-08-05,0.40
"46",대왕판교로17,경기도 성남시 수정구 고등동 608-3 / 고등동분당방향 시흥사거리전,"19","20",2025-08-05,0.40
"47",대왕판교로18,경기도 성남시 수정구 시흥동 223 / 푸주옥앞,"21","21",2025-08-05,0.40
"48",대왕판교로19,경기도 성남시 수정구 시흥동 298 / 서울기록관 하행버스정류장,"21","27",2025-08-05,0.40
"49",대왕판교로2,경기도 성남시 수정구 시흥동 247-3 / 서울기록관 상행 버스정류장,"23","23",2025-08-05,0.40
"50",대왕판교로20,경기도 성남시 수정구 금토동 273-51 / 금토삼거리,"25","26",2025-08-05,0.40
"51",대왕판교로3,경기도 성남시 수정구 시흥동 220-4 / 시흥동 체육공원앞,"20","21",2025-08-05,0.40
"52",대왕판교로4,경기도 성남시 수정구 고등동 166-8 / 고등동주민센터 버스정류장,"19","20",2025-08-05,0.40
"53",대왕판교로5,경기도 성남시 수정구 고등동 411-2 / 고등동사거리(상)버스정류장,"17","17",2025-08-05,0.40
"54",대왕판교로6,경기도 성남시 수정구 고등동 1-15 / 등자리입구(상)버스정류장,"35","35",2025-08-05,0.40
"55",대왕판교로7,경기도 성남시 수정구 심곡동 202-16 / 심곡저수지맞은편,"35","35",2025-08-05,0.40
"56",대왕판교로8,경기도 성남시 수정구 심곡동 253-3 / 서울공항정문(상),"28","30",2025-08-05,0.40
"57",대왕판교로816번길1,경기도 성남시 수정구 시흥동 278-5 / 배수지입구,"23","33",2025-08-05,0.40
"58",대왕판교로851번길1,경기도 성남시 수정구 시흥동 234-10 / 세종연구소입구(서울기록관),"22","35",2025-08-05,0.40
"59",대왕판교로879번길1,경기도 성남시 수정구 시흥동 225-25 / 베스트하우스경비실앞,"10","10",2025-08-05,0.40
"60",대왕판교로9,경기도 성남시 수정구 오야동 227-1 / 오야동버스정류장(상),"28","28",2025-08-05,0.40
"61",대왕판교로915번길1,경기도 성남시 수정구 시흥동 211-37 / 동산마을,"21","21",2025-08-05,0.40
"62",대왕판교로982번길1,경기도 성남시 수정구 고등동 391-13 / 고등취락지구982번길,"10","7",2025-08-05,0.40
"63",동판교로1,경기도 성남시 수정구 사송동 331 / 사송교차로(모란방향),"30","30",2025-08-05,0.40
"64",동판교로2,경기도 성남시 수정구 사송동 484-7 / 사송교차로(판교방향),"35","62",2025-08-05,0.40
"65",복정로1,경기도 성남시 수정구 복정동 690-7 / 복정로 제일부동산앞,"23","23",2025-08-05,0.40
"66",복정로118번길1,경기도 성남시 수정구 복정동 650-9 / 복정도서관,"68","69",2025-08-05,0.40
"67",복정로2,경기도 성남시 수정구 복정동 682 / 동서울대앞,"16","16",2025-08-05,0.40
"68",복정로3,경기도 성남시 수정구 복정동 664-16 / 미래공인중개사,"33","34",2025-08-05,0.40
"69",복정로4,경기도 성남시 수정구 복정동 711-4 / 복정로(뚜레쥬르앞),"20","20",2025-08-05,0.40
"70",복정로72번길1,경기도 성남시 수정구 복정동 692-8맞은편 / 맑은물관리사업소입구,"55","55",2025-08-05,0.40
"71",복정로84번길1,경기도 성남시 수정구 복정동 608-7맞은편 / 동서울대본관담장,"39","39",2025-08-05,0.40
"72",분당내곡로1,경기도 성남시 수정구 사송동 판교동 1 / 광장지하차도관리사무소앞,"18","18",2025-08-05,0.40
"73",분당내곡로10,경기도 성남시 수정구 사송동 판교동1 / 광장지하차도관리사무소앞,"15","15",2025-08-05,0.40
"74",분당내곡로2,경기도 성남시 수정구 시흥동 81-1(한전206-4) / 현대택배,"16","17",2025-08-05,0.40
"75",분당내곡로3,경기도 성남시 수정구 고등동 605 / 서울용인고속도로밑,"38","38",2025-08-05,0.40
"76",분당내곡로4,경기도 성남시 수정구 상적동 산37-14 / 상적교진입전,"20","20",2025-08-05,0.40
"77",분당내곡로5,경기도 성남시 수정구 상적동 산14-7 / 상적교(하행),"18","18",2025-08-05,0.40
"78",분당내곡로6,경기도 성남시 수정구 고등동 533-2(한전533) / 과속단속카메라앞,"27","27",2025-08-05,0.40
"79",분당내곡로7,경기도 성남시 수정구 시흥동 209-11 / 시흥지하차도변전실,"37","51",2025-08-05,0.40
"80",분당내곡로8,경기도 성남시 수정구 시흥동 74-11 / 시흥동,"9","9",2025-08-05,0.40
"81",분당내곡로9,경기도 성남시 수정구 시흥동 266-5 / 송현지하차도하행입구,"8","8",2025-08-05,0.40
"82",분당수서로1,경기도 성남시 중원구 여수동 44-1 / 여수육교(상),"30","30",2025-08-05,0.40
"83",분당수서로2,경기도 성남시 수정구 수진2동 4741-2(한전4741-1) / 단대천교 하부,"65","65",2025-08-05,0.40
"84",분당수서로3,경기도 성남시 수정구 태평1동 (한전7147) / 가천대앞(송현가스충전소맞은편,"26","22",2025-08-05,0.40
"85",분당수서로4,경기도 성남시 수정구 복정동 363-1(한전308) / 수질복원센터 정문옆,"72","69",2025-08-05,0.40
"86",분당수서로5,경기도 성남시 수정구 태평1동 산67-12(한전7147) / 송현가스충전소앞,"20","21",2025-08-05,0.40
"87",분당수서로6,경기도 성남시 수정구 수진동 4681-1 / 삼정그린뷰맞은편,"26","27",2025-08-05,0.40
"88",분당수서로7,경기도 성남시 중원구 여수동 43-4 / 여수육교앞(하),"30","30",2025-08-05,0.40
"89",사송로1,경기도 성남시 수정구 사송동 590-7 / 사송로,"21","21",2025-08-05,0.40
"90",사송로46번길1,경기도 성남시 수정구 사송동 559-2 / 주차장,"15","16",2025-08-05,0.40
"91",산성대로1,경기도 성남시 수정구 양지동 37 / GS25 성남을지점앞,"30","42",2025-08-05,0.40
"92",산성대로10,경기도 성남시 수정구 수진2동 4511-1(한전4531) / 풍생고정문앞,"33","43",2025-08-05,0.40
"93",산성대로11,경기도 성남시 수정구 수진2동 4742(한전4758-3) / 분당수서서울진입,"37","39",2025-08-05,0.40
"94",산성대로12,경기도 성남시 수정구 수진2동 한전4690-7 / 분당수서모란진출입로,"34","36",2025-08-05,0.40
"95",산성대로2,경기도 성남시 수정구 양지동 212 / 을지대정문,"33","46",2025-08-05,0.40
"96",산성대로3,경기도 성남시 수정구 양지동 877 / 무교동춘천닭갈비,"41","58",2025-08-05,0.40
"97",산성대로4,경기도 성남시 수정구 단대동 95-3 / 남한산성입구역3번출구,"39","76",2025-08-05,0.40
"98",산성대로405번길1,경기도 성남시 수정구 단대동 99-3 / 단대푸르지오,"18","18",2025-08-05,0.40
"99",산성대로405번길2,경기도 성남시 수정구 단대동 164-1 / 공원내,"34","31",2025-08-05,0.40
"100",산성대로437번길1,경기도 성남시 수정구 단대동 99-1 / 단대휴먼시아,"15","15",2025-08-05,0.40
"101",산성대로437번길2,경기도 성남시 수정구 단대동 99-3 / 단대푸르지오101동앞,"17","17",2025-08-05,0.40
"102",산성대로47번길1,경기도 성남시 수정구 수진2동 4763-14 / 5M보안등,"6","6",2025-08-05,0.40
"103",산성대로5,경기도 성남시 중원구 금광동 4850 / 단대동 중앙분리대,"17","34",2025-08-05,0.40
"104",산성대로6,경기도 성남시 수정구 신흥2동 2463-4 / 세이브존앞,"27","53",2025-08-05,0.40
"105",산성대로7,경기도 성남시 수정구 신흥동 2467 / 신흥역3번출구 다이소앞,"23","46",2025-08-05,0.40
"106",산성대로8,경기도 성남시 수정구 신흥동 4225-1 / 하이마트앞,"26","49",2025-08-05,0.40
"107",산성대로9,경기도 성남시 수정구 수진1동 2225-1 / 이단도로(오토바이센타앞,"37","52",2025-08-05,0.40
"108",산성터널,경기도 광주시 남한산성면 산성리 1152-1 / 산성터널입구(광주),"12","12",2025-08-05,0.40
"109",설개로1,경기도 성남시 수정구 사송동 542 / 곰두리슈퍼앞,"20","20",2025-08-05,0.40
"110",설개로2,경기도 성남시 수정구 시흥동 47-12 / 시흥교옆,"16","16",2025-08-05,0.40
"111",설개로2번길1,경기도 성남시 수정구 시흥동 87-9 / 놀이터앞,"7","7",2025-08-05,0.40
"112",성남대로1,경기도 성남시 수정구 수진2동 4532(한전452) / 벨라지오웨딩하우스앞,"17","34",2025-08-05,0.40
"113",성남대로10,경기도 성남시 수정구 복정동 444-3 / 동서울대맞은편 버스정류장,"23","46",2025-08-05,0.40
"114",성남대로11,경기도 성남시 수정구 복정동 467-8 / 맑은물관리사업소입구맞은편,"22","44",2025-08-05,0.40
"115",성남대로12,경기도 성남시 수정구 복정동 611-14 / 가천대학맞은편,"27","53",2025-08-05,0.40
"116",성남대로13(성남로4),경기도 성남시 수정구 태평1동 6795 / 태평고개(온누리 한솔약국,"28","56",2025-08-05,0.40
"117",성남대로1390번길1,경기도 성남시 수정구 복정동 704-4 맞은편 / CU 복정으뜸점앞,"64","64",2025-08-05,0.40
"118",성남대로14,경기도 성남시 수정구 수진동 4538-6 / 태평역5번출구,"23","46",2025-08-05,0.40
"119",성남대로1518번길1,경기도 성남시 수정구 복정동 646-3 / 서울국제학교정문맞은편,"29","31",2025-08-05,0.40
"120",성남대로1542번길1,경기도 성남시 수정구 복정동 639-9 /,"32","32",2025-08-05,0.40
"121",성남대로1542번길2,경기도 성남시 수정구 복정동 637-13 / 국제학교커브,"48","62",2025-08-05,0.40
"122",성남대로2,경기도 성남시 수정구 태평1동 6513(한전6512-1) / 태평역1번출구,"21","41",2025-08-05,0.40
"123",성남대로3,경기도 성남시 수정구 태평동 5118 / 한우리교회앞,"23","46",2025-08-05,0.40
"124",성남대로4,경기도 성남시 수정구 태평동 5113-9 / 경원프라자앞,"15","30",2025-08-05,0.40
"125",성남대로5,경기도 성남시 수정구 복정동 712 / 가천대~동서울대,"11","22",2025-08-05,0.40
"126",성남대로6,경기도 성남시 수정구 복정동 / 제5공영주차장,"15","29",2025-08-05,0.40
"127",성남대로7,경기도 성남시 수정구 복정동 661 / 바닥분수공원앞,"17","34",2025-08-05,0.40
"128",성남대로8,경기도 성남시 수정구 복정동 643-3 / 명인만두(복정이발관앞,"16","32",2025-08-05,0.40
"129",성남대로9,경기도 성남시 수정구 복정동 277-2(한전268-10) / 플라워사랑앞,"17","34",2025-08-05,0.40
"130",송현지하차도(상)1,경기도 성남시 수정구 시흥동 266-9 /,"0","0",2025-08-05,0.40
"131",송현지하차도(하)2,경기도 성남시 수정구 시흥동 266-9 /,"0","0",2025-08-05,0.40
"132",수정로1,경기도 성남시 수정구 수진2동 2935 / 토프레소앞,"9","16",2025-08-05,0.40
"133",수정로10,경기도 성남시 수정구 양지동 14 /,"23","23",2025-08-05,0.40
"134",수정로11,경기도 성남시 수정구 양지동 923-1 / 산성공원입구,"27","27",2025-08-05,0.40
"135",수정로12,경기도 성남시 수정구 양지동 996-2 / 양지공원앞,"60","60",2025-08-05,0.40
"136",수정로13,경기도 성남시 수정구 산성동 2229 / 수정로 창곡중 맞은편,"18","18",2025-08-05,0.40
"137",수정로14,경기도 성남시 수정구 신흥2동 8 / 포레스티아 동문앞,"11","17",2025-08-05,0.40
"138",수정로15,경기도 성남시 수정구 신흥2동 33 / 아이디헤어,"18","36",2025-08-05,0.40
"139",수정로16,경기도 성남시 수정구 태평4동 7339-5 / 할매순대국,"9","16",2025-08-05,0.40
"140",수정로17,경기도 성남시 수정구 태평2동 7288-16 / 지우병원,"12","18",2025-08-05,0.40
"141",수정로18,경기도 성남시 수정구 태평2동 3408 / 하나은행앞,"19","20",2025-08-05,0.40
"142",수정로19,경기도 성남시 수정구 태평3동 3681 / 중앙시장앞,"9","16",2025-08-05,0.40
"143",수정로2,경기도 성남시 수정구 수진2동 2935 / 토프레소앞,"9","16",2025-08-05,0.40
"144",수정로20,경기도 성남시 수정구 태평1동 6452 / 곽생로산부인과,"8","14",2025-08-05,0.40
"145",수정로21,경기도 성남시 수정구 태평1동 7268-4 / 태기산(삼부아파트맞은편,"39","60",2025-08-05,0.40
"146",수정로3,경기도 성남시 수정구 신흥1동 5529 / 빠리바게트(신협앞),"16","16",2025-08-05,0.40
"147",수정로306번길1,경기도 성남시 수정구 신흥2동 944 / 산성역자이푸르지오 2단지 Gate2,"15","30",2025-08-05,0.40
"148",수정로306번길2,경기도 성남시 수정구 신흥2동 2023-3 /,"6","18",2025-08-05,0.40
"149",수정로306번길3,경기도 성남시 수정구 신흥2동 187 /,"19","38",2025-08-05,0.40
"150",수정로4,경기도 성남시 수정구 신흥3동 3435 / 보건소앞,"9","16",2025-08-05,0.40
"151",수정로456번길1,경기도 성남시 수정구 산성동 산5 / 산성실내배드민턴장옆,"9","9",2025-08-05,0.40
"152",수정로466번길1,경기도 성남시 수정구 양지동 985 / 테니스장앞,"9","9",2025-08-05,0.40
"153",수정로5,경기도 성남시 수정구 신흥2동 2023-1 /,"19","37",2025-08-05,0.40
"154",수정로6,경기도 성남시 수정구 산성동 2124 / 신하주차장앞,"14","21",2025-08-05,0.40
"155",수정로7,경기도 성남시 수정구 산성동 3 / 창곡중학교앞,"33","35",2025-08-05,0.40
"156",수정로8,경기도 성남시 수정구 양지동 996-2 /,"40","40",2025-08-05,0.40
"157",수정로9,경기도 성남시 수정구 양지동 979-11 /,"51","51",2025-08-05,0.40
"158",숲풍지하차도,경기도 성남시 수정구 사송동 339 / 숲풍지하차도모란방향 출구부,"0","168",2025-08-05,0.40
"159",시민로1,경기도 성남시 수정구 신흥동 4225-1 / 신흥사거리,"25","23",2025-08-05,0.40
"160",시민로175번길1,경기도 성남시 수정구 신흥동 5530 / 바닥경관조명,"25","2",2025-08-05,0.40
"161",시민로175번길2,경기도 성남시 수정구 신흥동 5481 / (바닥경관조명),"50","50",2025-08-05,0.40
"162",시민로215번길1,경기도 성남시 수정구 태평4동 7289-1 / 금빛초교뒤 쪽문,"11","11",2025-08-05,0.40
"163",시흥지하차도터널등,경기도 성남시 수정구 시흥동 209-27 / 시흥지하차도 변전실,"16","16",2025-08-05,0.40
"164",시흥천1,경기도 성남시 수정구 시흥동 82-10 / 시흥5교,"24","24",2025-08-05,0.40
"165",시흥천2,경기도 성남시 수정구 시흥동 4-6 / 하나농원옆,"27","27",2025-08-05,0.40
"166",시흥천3,경기도 성남시 수정구 시흥동 119-2 /,"27","27",2025-08-05,0.40
"167",심곡로1,경기도 성남시 수정구 심곡동 343 / 201204,"14","14",2025-08-05,0.40
"168",여수대로1,경기도 성남시 수정구 시흥동 28-12 / 서울방향,"25","25",2025-08-05,0.40
"169",여수대로2,경기도 성남시 수정구 시흥동 92-4 / 시흥동주민센터맞은편,"13","13",2025-08-05,0.40
"170",여수대로3,경기도 성남시 수정구 시흥동 86-24 / 메르세데스벤츠,"13","17",2025-08-05,0.40
"171",여수대로4,경기도 성남시 수정구 사송동 657-9 / 서울화훼가든앞,"13","13",2025-08-05,0.40
"172",여수대로56번길1,경기도 성남시 수정구 시흥동 17-22 / 시흥동행정복지센터,"22","22",2025-08-05,0.40
"173",영장산터널,경기도 성남시 수정구 태평동 1 /,"20","20",2025-08-05,0.40
"174",영장산터널(터널등),경기도 성남시 수정구 복정동 494 / 영장터널 변전실,"20","20",2025-08-05,0.40
"175",옛골로1,경기도 성남시 수정구 상적동 332-1(한전332) / 상적제일경로당앞(옛골경로당),"8","8",2025-08-05,0.40
"176",위례광장로1,경기도 성남시 수정구 위례동 92-1 / 보미리즌빌103동앞,"51","51",2025-08-05,0.40
"177",위례광장로2,경기도 성남시 수정구 창곡동 546-5 / KB국민은행 우남역,"41","41",2025-08-05,0.40
"178",위례광장로3,경기도 성남시 수정구 창곡동 547-2 / 위례광장로,"41","42",2025-08-05,0.40
"179",위례광장로4,경기도 성남시 수정구 창곡동 561 / 위례광장로,"29","31",2025-08-05,0.40
"180",위례대로1,경기도 성남시 수정구 창곡동 572-1 / 힐스테이트사거리,"69","69",2025-08-05,0.40
"181",위례대로2,경기도 성남시 수정구 창곡동 527 / 창말사거리 상행,"45","48",2025-08-05,0.40
"182",위례대로3,경기도 성남시 수정구 창곡동 510-5 / 창말사거리 하행,"46","46",2025-08-05,0.40
"183",위례대로육교1(위례육교01),경기도 성남시 수정구 창곡동 510-5 /,"2","2",2025-08-05,0.40
"184",위례동로1,경기도 성남시 수정구 창곡동 578 / 힐스테이트 위례정문맞은편,"68","68",2025-08-05,0.40
"185",위례동로2,경기도 성남시 수정구 창곡동 573 / 위례동주민센터맞은편,"62","62",2025-08-05,0.40
"186",위례동로3,경기도 성남시 수정구 창곡동 514-5 / 위례신성위캐슬타워,"9","18",2025-08-05,0.40
"187",위례동로4,경기도 성남시 수정구 위례동 194-1 / 위례푸른초교사거리,"65","65",2025-08-05,0.40
"188",위례동이로1,경기도 성남시 수정구 창곡동 578 / 위례동이로,"10","10",2025-08-05,0.40
"189",위례서로1(위례13),경기도 성남시 수정구 창곡동 557-3 / 위례서일로마을,"41","41",2025-08-05,0.40
"190",위례서로2,경기도 성남시 수정구 창곡동 537-1 / 위례서로,"46","46",2025-08-05,0.40
"191",위례서로3,경기도 성남시 수정구 창곡동 504-7 / 위례중앙중학교사거리 육교밑,"39","41",2025-08-05,0.40
"192",위례서로육교1(위례육교03),경기도 성남시 수정구 창곡동 500-4 /,"32","32",2025-08-05,0.40
"193",위례서일로1길1,경기도 성남시 수정구 창곡동 550 / 하나공인중개사,"56","56",2025-08-05,0.40
"194",위례서일로3길1,경기도 성남시 수정구 창곡동 547-13 / 365부동산,"30","30",2025-08-05,0.40
"195",위례서일로3길2,경기도 성남시 수정구 창곡동 544-10 / 돌배기집,"41","41",2025-08-05,0.40
"196",위례순환로1,경기도 성남시 수정구 창곡동 515-2 / 위례센트럴 푸르지오,"72","72",2025-08-05,0.40
"197",위례순환로2,경기도 성남시 수정구 창곡동 508-2 / 위례순환로 복지센터앞,"48","64",2025-08-05,0.40
"198",위례순환로3,경기도 성남시 수정구 창곡동 504-7 / 위례순환로,"30","31",2025-08-05,0.40
"199",위례순환로4,경기도 성남시 수정구 창곡동 46-14 / 위례순환로,"32","32",2025-08-05,0.40
"200",위례순환로4길1,경기도 성남시 수정구 창곡동 527 / 위례새초롱유치원,"16","16",2025-08-05,0.40
"201",위례순환로육교1(위례육교02),경기도 성남시 수정구 창곡동 528-1 /,"2","2",2025-08-05,0.40
"202",위례순환로육교2(위례육교04),경기도 성남시 수정구 창곡동 531-1 /,"2","2",2025-08-05,0.40
"203",위례한빛로1,경기도 성남시 수정구 창곡동 585-5 / 위례한빛초교맞은편,"29","29",2025-08-05,0.40
"204",위례한빛로2,경기도 성남시 수정구 창곡동 585 / 단독주택단지,"45","45",2025-08-05,0.40
"205",적푸리로35번길1,경기도 성남시 수정구 상적동 47-1 / 적푸리35번길,"14","14",2025-08-05,0.40
"206",제일로1,경기도 성남시 수정구 수진1동 1294 / 동성교회맞은편(진아네사철탕,"15","16",2025-08-05,0.40
"207",제일로2,경기도 성남시 수정구 태평3동 3737 / 굿모닝하우스앞,"11","20",2025-08-05,0.40
"208",제일로3,경기도 성남시 수정구 태평3동 4312-4 / 동부자동차공업사앞,"13","26",2025-08-05,0.40
"209",제일로4,경기도 성남시 수정구 태평1동 5140 / 태평중학교앞,"13","25",2025-08-05,0.40
"210",제일로5,경기도 성남시 수정구 태평1동 6410 / 남다른감자탕앞,"11","19",2025-08-05,0.40
"211",제일로6,경기도 성남시 수정구 수진동 4808 / 동성교회앞,"14","15",2025-08-05,0.40
"212",창곡3교1,경기도 성남시 수정구 창곡동 536 / 창곡3교,"2","2",2025-08-05,0.40
"213",창곡4교1,경기도 성남시 수정구 창곡동 504-6 /,"4","4",2025-08-05,0.40
"214",창곡5교1,경기도 성남시 수정구 창곡동 521-3 /,"2","2",2025-08-05,0.40
"215",창곡6교1,경기도 성남시 수정구 창곡동 521-1 /,"2","2",2025-08-05,0.40
"216",창곡천,경기도 성남시 수정구 복정동 259-3 / 복정교,"11","11",2025-08-05,0.40
"217",창업로1,경기도 성남시 수정구 시흥동 293-48,"9","12",2025-08-05,0.40
"218",창업로2,경기도 성남시 수정구 시흥동 268-1,"16","20",2025-08-05,0.40
"219",창업로3,경기도 성남시 수정구 시흥동 292-3 /,"11","20",2025-08-05,0.40
"220",창업로4,경기도 성남시 수정구 시흥동 292-3 /,"24","39",2025-08-05,0.40
"221",창업로5,경기도 성남시 수정구 시흥동 산51-2 /,"16","23",2025-08-05,0.40
"222",창업로6,경기도 성남시 수정구 시흥동 산51-6 /,"8","10",2025-08-05,0.40
"223",청계산로1,경기도 성남시 수정구 고등동 604 / 고등지구,"30","39",2025-08-05,0.40
"224",청계산로2,경기도 성남시 수정구 고등동 600-1 / 고등지구,"27","42",2025-08-05,0.40
"225",청계산로3,경기도 성남시 수정구 고등동 605-6 / 고등지구,"22","38",2025-08-05,0.40
"226",청계산로4,경기도 성남시 수정구 고등동 600 / 고등지구,"46","55",2025-08-05,0.40
"227",청계산로5,경기도 성남시 수정구 상적동 94-4 / 적푸리 느티나무앞,"66","67",2025-08-05,0.40
"228",청계산로5길1,경기도 성남시 수정구 고등동 607-7 / 고등지구,"47","52",2025-08-05,0.40
"229",청계산로6,경기도 성남시 수정구 상적동 산9-15(한전 산9-7) / 상적2교앞,"51","51",2025-08-05,0.40
"230",탄리로1,경기도 성남시 수정구 태평3동 4913 / 이루는 교회앞,"15","30",2025-08-05,0.40
"231",탄리로2,경기도 성남시 수정구 태평3동 3546 / 감미옥앞,"17","31",2025-08-05,0.40
"232",탄리로3,경기도 성남시 수정구 수진1동 664-2 / 성체유치원앞,"23","41",2025-08-05,0.40
"233",탄천대교로1,경기도 성남시 수정구 복정동 산71-12 /,"11","11",2025-08-05,0.40
"234",탄천로1,경기도 성남시 수정구 사송동 598-1(한전521-11) / 탄천로입구교차로(상),"26","29",2025-08-05,0.40
"235",탄천로2,경기도 성남시 수정구 사송동 651(한전652-3) / 여수대교앞,"35","36",2025-08-05,0.40
"236",탄천로3,경기도 성남시 수정구 수진2동 4733(한전4690-7) / 수진정수장앞,"56","56",2025-08-05,0.40
"237",탄천로4,경기도 성남시 수정구 수진2동 4690-18 / 삼정그린뷰,"30","33",2025-08-05,0.40
"238",탄천로5,경기도 성남시 수정구 태평1동 7286-3 / 밀레니엄공원,"32","34",2025-08-05,0.40
"239",탄천로6,경기도 성남시 수정구 태평1동 6990-4 / 성남시폐기물종합처리장,"48","48",2025-08-05,0.40
"240",탄천로7,경기도 성남시 수정구 복정동 353-1 / 수질복원센터,"43","49",2025-08-05,0.40
"241",탄천로8,경기도 성남시 수정구 태평1동 7044-2 / 탄천물놀이장앞,"58","58",2025-08-05,0.40
"242",탄천로9,경기도 성남시 수정구 수진2동 (한전:성남동1759) / 수진정수장 맞은편,"78","78",2025-08-05,0.40
"243",태평로1,경기도 성남시 수정구 태평동 7342 / 쌍용아파트입구,"5","10",2025-08-05,0.40
"244",태평로2,경기도 성남시 수정구 태평동 1 / 봉국사앞 두산위브아파트,"34","34",2025-08-05,0.40
"245",태평로3,경기도 성남시 수정구 태평4동 217 / 현충탑앞도로,"14","28",2025-08-05,0.40
"246",태평지하차도1,경기도 성남시 수정구 태평동 7129-7 / 분당수서간서울방향터널지나,"16","16",2025-08-05,0.40
"247",태평지하차도2,경기도 성남시 수정구 태평동 산3-25 / 분당수서간서울방향터널지나,"8","8",2025-08-05,0.40
"248",헌릉로1,경기도 성남시 수정구 창곡동 534-7 / 헌릉로,"38","39",2025-08-05,0.40
"249",헌릉로2,경기도 성남시 수정구 창곡동 566-3 / 창곡교차로,"48","44",2025-08-05,0.40
"250",헌릉로3,경기도 성남시 수정구 창곡동 535-4 / 올스타마트앞,"52","54",2025-08-05,0.40
"251",헌릉로4,경기도 성남시 수정구 창곡동 499-25,"38","38",2025-08-05,0.40
"252",헌릉로5,경기도 성남시 수정구 창곡동 499-320,"11","13",2025-08-05,0.40
"253",헌릉로6,경기도 성남시 수정구 창곡동 534-7 / 헌릉로,"38","38",2025-08-05,0.40
"254",헌릉로7,경기도 성남시 수정구 창곡동 601,"11","13",2025-08-05,0.40
"255",희망로1,경기도 성남시 수정구 단대동 189 / 성남서중앞,"22","37",2025-08-05,0.40
"256",희망로2,경기도 성남시 수정구 신흥동 465-2 / 희망대가압장맞은편,"17","33",2025-08-05,0.40
"257",희망로3,경기도 성남시 수정구 신흥2동 2456-1 / 1공단근린공원주변,"27","48",2025-08-05,0.40
"258",희망로466번길1,경기도 성남시 수정구 단대동 182 /,"33","33",2025-08-05,0.40
"259",희망로533번길1,경기도 성남시 수정구 신흥2동 466 /,"15","30",2025-08-05,0.40
"260",희망로533번길2,경기도 성남시 수정구 신흥동 264 /,"26","24",2025-08-05,0.40
"261",희망로533번길3,경기도 성남시 수정구 신흥2동 1227 /,"15","30",2025-08-05,0.40
"262","001(산성대로)",경기도 성남시 중원구 성남동 1730 ,"12","12",2025-08-05,0.40
"263","002(산성대로)",경기도 성남시 중원구 성남동 4860 ,"52","64",2025-08-05,0.40
"264","003(산성대로)",경기도 성남시 중원구 성남동 1576 ,"38","38",2025-08-05,0.40
"265","004(산성대로)",경기도 성남시 중원구 성남동 3169 ,"20","21",2025-08-05,0.40
"266","005(산성대로)",경기도 성남시 중원구 성남동 1315 ,"19","38",2025-08-05,0.40
"267","006(산성대로)",경기도 성남시 중원구 성남동 1404 ,"51","52",2025-08-05,0.40
"268","007(산성대로)",경기도 성남시 중원구 성남동 2062 ,"21","25",2025-08-05,0.40
"269","008(산성대로)",경기도 성남시 중원구 중앙동 1205 ,"19","25",2025-08-05,0.40
"270","009(산성대로)",경기도 성남시 수정구 신흥3동 6949 ,"15","30",2025-08-05,0.40
"271","010(산성대로)",경기도 성남시 중원구 중앙동 249 ,"25","32",2025-08-05,0.40
"272","011(산성대로)",경기도 성남시 중원구 금광동 4394 ,"8","14",2025-08-05,0.40
"273","012(산성대로)",경기도 성남시 중원구 금광2동 4699 ,"22","30",2025-08-05,0.40
"274","013(산성대로)",경기도 성남시 중원구 은행2동 422-4 ,"23","37",2025-08-05,0.40
"275","014(산성대로)",경기도 성남시 중원구 은행2동 670 ,"35","37",2025-08-05,0.40
"276","015(광명로)",경기도 성남시 중원구 성남동 3178 ,"18","18",2025-08-05,0.40
"277","016(광명로)",경기도 성남시 중원구 성남동 3287 ,"14","14",2025-08-05,0.40
"278","017(광명로)",경기도 성남시 중원구 성남동 2201 ,"28","28",2025-08-05,0.40
"279","018(광명로)",경기도 성남시 중원구 성남동 2616 ,"18","18",2025-08-05,0.40
"280","019(광명로)",경기도 성남시 중원구 중앙동 955 ,"21","26",2025-08-05,0.40
"281","020(광명로)",경기도 성남시 중원구 중앙동 2737 ,"86","88",2025-08-05,0.40
"282","021(광명로)",경기도 성남시 중원구 중앙동 285 ,"13","16",2025-08-05,0.40
"283","022(광명로)",경기도 성남시 중원구 중앙동 2009-1 ,"5","5",2025-08-05,0.40
"284","023(광명로)",경기도 성남시 중원구 금광2동 3697 ,"28","28",2025-08-05,0.40
"285","024(광명로)",경기도 성남시 중원구 금광1동 1353 ,"26","26",2025-08-05,0.40
"286","025(광명로)",경기도 성남시 중원구 금광2동 2592 ,"18","29",2025-08-05,0.40
"287","026(광명로)",경기도 성남시 중원구 금광동 4862,"17","26",2025-08-05,0.40
"288","027(금상로)",경기도 성남시 중원구 금광1동 638 ,"41","41",2025-08-05,0.40
"289","028(금빛로2번길)",경기도 성남시 중원구 금광1동 2449-1 ,"37","41",2025-08-05,0.40
"290","029(둔촌대로)",경기도 성남시 중원구 성남동 3960 ,"22","27",2025-08-05,0.40
"291","030(둔촌대로)",경기도 성남시 중원구 하대원동 104-5 ,"14","14",2025-08-05,0.40
"292","031(둔촌대로)",경기도 성남시 중원구 성남동 3125 ,"13","17",2025-08-05,0.40
"293","032(둔촌대로)",경기도 성남시 중원구 하대원동 111-7 ,"8","9",2025-08-05,0.40
"294","033(둔촌대로)",경기도 성남시 중원구 하대원동 312 ,"13","26",2025-08-05,0.40
"295","034(둔촌대로)",경기도 성남시 중원구 하대원동 153 ,"59","62",2025-08-05,0.40
"296","035(둔촌대로)",경기도 성남시 중원구 하대원동 129-14 ,"51","50",2025-08-05,0.40
"297","036(마지로)",경기도 성남시 중원구 하대원동 418-5 ,"12","12",2025-08-05,0.40
"298","037(둔촌대로)",경기도 성남시 중원구 상대원1동 5439-3 ,"14","14",2025-08-05,0.40
"299","038(둔촌대로)",경기도 성남시 중원구 상대원1동 1967 ,"25","40",2025-08-05,0.40
"300","039(둔촌대로)",경기도 성남시 중원구 상대원동 344-3 ,"37","2",2025-08-05,0.40
"301","040(둔촌대로)",경기도 성남시 중원구 상대원1동 513-6 ,"43","43",2025-08-05,0.40
"302","041(마지로)",경기도 성남시 중원구 하대원동 103-22 ,"18","18",2025-08-05,0.40
"303","042(마지로)",경기도 성남시 중원구 하대원동 26 ,"18","30",2025-08-05,0.40
"304","043(마지로)",경기도 성남시 중원구 도촌동 1-12 ,"21","22",2025-08-05,0.40
"305","044(마지로)",경기도 성남시 중원구 갈현동 277-2 ,"17","17",2025-08-05,0.40
"306","045(경충대로)",경기도 성남시 중원구 갈현동 274-5 ,"58","59",2025-08-05,0.40
"307","046(순암로)",경기도 성남시 중원구 갈현동 103-10 ,"23","23",2025-08-05,0.40
"308","047(8호광장)",경기도 성남시 중원구 성남동 1951-1 ,"17","17",2025-08-05,0.40
"309","048(8호광장)",경기도 성남시 중원구 성남동 1955 ,"52","54",2025-08-05,0.40
"310","049(8호광장)",경기도 성남시 중원구 하대원동 21 ,"49","50",2025-08-05,0.40
"311","050(8호광장)",경기도 성남시 중원구 하대원동 506 ,"33","35",2025-08-05,0.40
"312","051(7호광장)",경기도 성남시 중원구 하대원동 455 ,"15","15",2025-08-05,0.40
"313","052(7호광장)",경기도 성남시 중원구 하대원동 29 ,"13","13",2025-08-05,0.40
"314","053(7호광장)",경기도 성남시 중원구 하대원동 458-1 ,"22","22",2025-08-05,0.40
"315","054(7호광장)",경기도 성남시 중원구 하대원동 458-1 ,"21","21",2025-08-05,0.40
"316","055(경충대로)",경기도 성남시 중원구 하대원동 308-3 ,"20","20",2025-08-05,0.40
"317","056(경충대로)",경기도 성남시 중원구 하대원동 305-9 ,"20","20",2025-08-05,0.40
"318","057(경충대로)",경기도 성남시 중원구 갈현동 349-6 ,"8","8",2025-08-05,0.40
"319","058(여수대로)",경기도 성남시 중원구 여수동 1-16 ,"31","31",2025-08-05,0.40
"320","059(여수대로)",경기도 성남시 중원구 여수동 126 ,"47","47",2025-08-05,0.40
"321","060(둔촌대로)",경기도 성남시 중원구 성남동 1763 ,"78","80",2025-08-05,0.40
"322","061(시민로90번길)",경기도 성남시 중원구 중앙동 578 ,"24","24",2025-08-05,0.40
"323","062(시민로)",경기도 성남시 중원구 중앙동 577 ,"29","29",2025-08-05,0.40
"324","063(성남대로)",경기도 성남시 중원구 성남동 1575,"13","13",2025-08-05,0.40
"325","064(성남대로)",경기도 성남시 중원구 성남동 3495 ,"9","9",2025-08-05,0.40
"326","065(성남대로)",경기도 성남시 중원구 여수동 398 ,"22","28",2025-08-05,0.40
"327","066(성남대로)",경기도 성남시 중원구 여수동 259 ,"20","32",2025-08-05,0.40
"328","067(성남대로)",경기도 성남시 중원구 여수동 254-4 ,"22","22",2025-08-05,0.40
"329","068(순암로)",경기도 성남시 중원구 갈현동 127 ,"26","4",2025-08-05,0.40
"330","069(제일로)",경기도 성남시 중원구 성남동 3301 ,"25","19",2025-08-05,0.40
"331","070(제일로)",경기도 성남시 중원구 성남동 3786 ,"15","15",2025-08-05,0.40
"332","071(돌마로)",경기도 성남시 중원구 여수동 414-8 ,"22","24",2025-08-05,0.40
"333","072(돌마로)",경기도 성남시 중원구 여수동 414-1 ,"23","24",2025-08-05,0.40
"334","073(돌마로)",경기도 성남시 중원구 여수동 518-8 ,"20","26",2025-08-05,0.40
"335","075(원터로)",경기도 성남시 중원구 성남동 2876-1 ,"10","10",2025-08-05,0.40
"336","076(원터로)",경기도 성남시 중원구 성남동 2874 ,"14","14",2025-08-05,0.40
"337","077(원터로38번길)",경기도 성남시 중원구 하대원동 115-20 ,"7","7",2025-08-05,0.40
"338","078(시민로11번길)",경기도 성남시 중원구 하대원동 368-4 ,"11","11",2025-08-05,0.40
"339","079(시민로)",경기도 성남시 중원구 성남동 2849 ,"21","34",2025-08-05,0.40
"340","080(시민로)",경기도 성남시 중원구 중앙동 547 ,"13","25",2025-08-05,0.40
"341","081(시민로66번길)",경기도 성남시 중원구 중앙동 577 ,"23","32",2025-08-05,0.40
"342","082(단대고가교)",경기도 성남시 수정구 단대동 182 ,"15","15",2025-08-05,0.40
"343","083(희망로)",경기도 성남시 중원구 상대원2동 2995-31 ,"14","14",2025-08-05,0.40
"344","084(희망로)",경기도 성남시 중원구 상대원2동 3760 ,"16","16",2025-08-05,0.40
"345","085(희망로)",경기도 성남시 중원구 상대원3동 2986-24 ,"6","6",2025-08-05,0.40
"346","086(희망로)",경기도 성남시 중원구 상대원2동 5440-1 ,"18","20",2025-08-05,0.40
"347","087(희망로)",경기도 성남시 중원구 갈현동 450-6 ,"89","92",2025-08-05,0.40
"348","088(희망로)",경기도 성남시 중원구 도촌동 70-3 ,"21","18",2025-08-05,0.40
"349","089(시민로66번길)",경기도 성남시 중원구 하대원동 182-5 ,"24","33",2025-08-05,0.40
"350","090(여수울로)",경기도 성남시 중원구 여수동 649 ,"35","41",2025-08-05,0.40
"351","091(자혜로)",경기도 성남시 중원구 금광2동 3956 ,"29","31",2025-08-05,0.40
"352","092(자혜로)",경기도 성남시 중원구 금광2동 3324 ,"24","33",2025-08-05,0.40
"353","093(자혜로)",경기도 성남시 중원구 은행1동 2453 ,"26","26",2025-08-05,0.40
"354","094(금빛로112번길)",경기도 성남시 중원구 은행1동 1947-5 ,"8","8",2025-08-05,0.40
"355","095(은행로)",경기도 성남시 중원구 은행1동 1932 ,"12","12",2025-08-05,0.40
"356","096(금빛로)",경기도 성남시 중원구 금광2동 2851 ,"15","15",2025-08-05,0.40
"357","097(금빛로)",경기도 성남시 중원구 금광동 2450-1 ,"9","18",2025-08-05,0.40
"358","099(순환로379번길)",경기도 성남시 중원구 은행동 109-7,"8","10",2025-08-05,0.40
"359",100(순환로),경기도 성남시 중원구 은행1동 1944-2 ,"16","16",2025-08-05,0.40
"360",101(순환로),경기도 성남시 중원구 상대원1동 산21-4 ,"21","21",2025-08-05,0.40
"361",102(순환로),경기도 성남시 중원구 상대원1동 369-3 ,"22","22",2025-08-05,0.40
"362",103(순환로),경기도 성남시 중원구 상대원1동 344-8 ,"26","38",2025-08-05,0.40
"363",104(순환로),경기도 성남시 중원구 상대원1동 산63-6 ,"15","36",2025-08-05,0.40
"364",105(순환로),경기도 성남시 중원구 갈현동 53 ,"31","33",2025-08-05,0.40
"365",106(황송로),경기도 성남시 중원구 금광동 4862 ,"11","11",2025-08-05,0.40
"366",107(황송로),경기도 성남시 중원구 금광2동 2422 ,"21","21",2025-08-05,0.40
"367",108(황송로),경기도 성남시 중원구 금광2동 2500 ,"26","29",2025-08-05,0.40
"368",109(사기막골로),경기도 성남시 중원구 상대원동 137-1,"24","24",2025-08-05,0.40
"369",110(사기막골로),경기도 성남시 중원구 상대원동 307-8 ,"32","32",2025-08-05,0.40
"370",111(사기막골로90번길),경기도 성남시 중원구 상대원1동 223-40 ,"11","7",2025-08-05,0.40
"371",112(사기막골로),경기도 성남시 중원구 상대원1동 138-3 ,"34","34",2025-08-05,0.40
"372",113(사기막골로),경기도 성남시 중원구 상대원1동 206-4 ,"28","28",2025-08-05,0.40
"373",114(사기막골로),경기도 성남시 중원구 상대원1동 69-1 ,"31","43",2025-08-05,0.40
"374",115(둔촌대로457번길),경기도 성남시 중원구 상대원1동 517-15 ,"19","19",2025-08-05,0.40
"375",116(갈마치로),경기도 성남시 중원구 상대원1동 333-3 ,"37","37",2025-08-05,0.40
"376",117(둔촌대로541번길),경기도 성남시 중원구 상대원1동 344-3 ,"28","28",2025-08-05,0.40
"377",118(갈마치로),경기도 성남시 중원구 상대원동 252-1 ,"12","12",2025-08-05,0.40
"378",119(사기막골로9번길),경기도 성남시 중원구 상대원1동 152-1 ,"11","10",2025-08-05,0.40
"379",120(사기막골로9번길),경기도 성남시 중원구 상대원1동 152-3 ,"5","5",2025-08-05,0.40
"380",121(사기막골로45번길),경기도 성남시 중원구 상대원1동 152-1 ,"12","12",2025-08-05,0.40
"381",122(사기막골로),경기도 성남시 중원구 상대원1동 149-1 ,"9","11",2025-08-05,0.40
"382",123(금상로),경기도 성남시 중원구 상대원1동 269-10 ,"27","29",2025-08-05,0.40
"383",124(사기막골로),경기도 성남시 중원구 상대원1동 141 ,"25","26",2025-08-05,0.40
"384",125(이배재로),경기도 성남시 중원구 상대원1동 422-23 ,"13","13",2025-08-05,0.40
"385",126(이배재로),경기도 성남시 중원구 상대원1동 414-8 ,"41","41",2025-08-05,0.40
"386",127(황송로77번길),경기도 성남시 중원구 금광2동 2627 ,"11","11",2025-08-05,0.40
"387",129(산성대로552번길),경기도 성남시 중원구 은행2동 672 ,"7","7",2025-08-05,0.40
"388",130(마지로),경기도 성남시 중원구 하대원동 162 ,"8","7",2025-08-05,0.40
"389",131(산성대로),경기도 성남시 중원구 은행2동 979 ,"17","17",2025-08-05,0.40
"390",132(산성대로),경기도 성남시 중원구 금광2동 4545 ,"16","16",2025-08-05,0.40
"391",133(갈마치로281번길),경기도 성남시 중원구 상대원1동 272-7 ,"10","10",2025-08-05,0.40
"392",134(둔촌대로),경기도 성남시 중원구 상대원1동 534-9 ,"16","16",2025-08-05,0.40
"393",135(둔촌대로),경기도 성남시 중원구 상대원1동 462-5 ,"16","17",2025-08-05,0.40
"394",136(둔촌대로),경기도 성남시 중원구 하대원동 211-3 ,"45","48",2025-08-05,0.40
"395",137(둔촌대로),경기도 성남시 중원구 하대원동 216-15 ,"49","55",2025-08-05,0.40
"396",138(광명로),경기도 성남시 중원구 중앙동 710 ,"30","32",2025-08-05,0.40
"397",139(희망로),경기도 성남시 중원구 중앙동 711 ,"32","32",2025-08-05,0.40
"398",140(도촌북로),경기도 성남시 중원구 도촌동 605 ,"39","58",2025-08-05,0.40
"399",141(도촌로),경기도 성남시 중원구 도촌동 576 ,"62","85",2025-08-05,0.40
"400",142(도촌남로),경기도 성남시 중원구 도촌동 701 ,"35","62",2025-08-05,0.40
"401",143(도촌남로),경기도 성남시 중원구 도촌동 645 ,"48","94",2025-08-05,0.40
"402",144(도촌북로),경기도 성남시 중원구 도촌동 662 ,"32","63",2025-08-05,0.40
"403",145(도촌남로),경기도 성남시 중원구 도촌동 693 ,"33","66",2025-08-05,0.40
"404",146(도촌북로),경기도 성남시 중원구 도촌동 662 ,"28","42",2025-08-05,0.40
"405",147(도촌북로),경기도 성남시 중원구 도촌동 659 ,"17","27",2025-08-05,0.40
"406",148(희망로),경기도 성남시 중원구 도촌동 413 ,"22","29",2025-08-05,0.40
"407",149(희망로),경기도 성남시 중원구 도촌동 65 ,"16","23",2025-08-05,0.40
"408",150(희망로),경기도 성남시 중원구 도촌동 505 ,"22","44",2025-08-05,0.40
"409",151(희망로),경기도 성남시 중원구 도촌동 667 ,"20","33",2025-08-05,0.40
"410",152(성남대로997번길),경기도 성남시 중원구 여수동 201 ,"45","70",2025-08-05,0.40
"411",153(성남대로997번길),경기도 성남시 중원구 여수동 355 ,"19","18",2025-08-05,0.40
"412",154(여수울로),경기도 성남시 중원구 여수동 600 ,"41","46",2025-08-05,0.40
"413",155(여수울로),경기도 성남시 중원구 여수동 579 ,"75","83",2025-08-05,0.40
"414",156(여수울로29번길),경기도 성남시 중원구 여수동 577 ,"64","73",2025-08-05,0.40
"415",157(은행로),경기도 성남시 중원구 은행2동 1761-1 ,"34","34",2025-08-05,0.40
"416",158(산성대로516번길),경기도 성남시 중원구 은행2동 2494 ,"35","4",2025-08-05,0.40
"417",159(은이로),경기도 성남시 중원구 은행2동 2506 ,"42","57",2025-08-05,0.40
"418",160(은이로63번길),경기도 성남시 중원구 은행2동 2470 ,"32","32",2025-08-05,0.40
"419",161(은이로),경기도 성남시 중원구 은행2동 803 ,"35","35",2025-08-05,0.40
"420",162(여수울로),경기도 성남시 중원구 여수동 578 ,"15","15",2025-08-05,0.40
"421",163(도촌지하차도),경기도 성남시 중원구 도촌동 54 ,"21","21",2025-08-05,0.40
"422",164(공원터널),경기도 성남시 중원구 하대원동 206 ,"26","26",2025-08-05,0.40
"423",165(대원터널),경기도 성남시 중원구 도촌동 469-1 ,"8","8",2025-08-05,0.40
"424",166(둔촌터널),경기도 성남시 중원구 도촌동 52-5 ,"18","18",2025-08-05,0.40
"425",167(황송터널),경기도 성남시 중원구 상대원1동 122-2 ,"31","31",2025-08-05,0.40
"426",168(시청옆육교상행),경기도 성남시 중원구 여수동 603 ,"12","10",2025-08-05,0.40
"427",169(시청옆육교하행),경기도 성남시 중원구 여수동 381 ,"6","4",2025-08-05,0.40
"428",170(연꽃로),경기도 성남시 중원구 여수동 618 ,"17","16",2025-08-05,0.40
"429",171(둔촌대로),경기도 성남시 중원구 성남동 4944 ,"33","62",2025-08-05,0.40
"430",172(둔촌대로52번길),경기도 성남시 중원구 성남동 4667-3 ,"45","45",2025-08-05,0.40
"431",173(둔촌대로63번길),경기도 성남시 중원구 성남동 1837-1 ,"27","51",2025-08-05,0.40
"432",174(여수대로),경기도 성남시 중원구 여수동 136-7 ,"29","37",2025-08-05,0.40
"433",175(3번국도),경기도 성남시 중원구 갈현동 521-3 ,"46","46",2025-08-05,0.40
"434",176(3번국도),경기도 성남시 중원구 도촌동 3-1 ,"38","38",2025-08-05,0.40
"435",177(3번국도),경기도 성남시 중원구 도촌동 1-2 ,"30","30",2025-08-05,0.40
"436",178(여수터널굴다리),경기도 성남시 중원구 하대원동 409-4 ,"8","9",2025-08-05,0.40
"437",179(순환로),경기도 성남시 중원구 상대원동 471-3 ,"40","40",2025-08-05,0.40
"438",180(상대원터널),경기도 성남시 중원구 갈현동 36-14 ,"12","12",2025-08-05,0.40
"439",181(이배재터널),경기도 성남시 중원구 갈현동 11-1 ,"12","12",2025-08-05,0.40
"440",182(여수터널),경기도 성남시 중원구 하대원동 산17-28 ,"16","16",2025-08-05,0.40
"441",183(광명로395번길),경기도 성남시 중원구 금광동 2528-2 ,"12","12",2025-08-05,0.40
"442",184(경충대로),경기도 성남시 중원구 갈현동 476-17 ,"19","19",2025-08-05,0.40
"443",185(그랑메종1단지),경기도 성남시 중원구 금광동 486 ,"66","66",2025-08-05,0.40
"444",186(그랑메종6단지),경기도 성남시 중원구 금광동 1061 ,"60","60",2025-08-05,0.40
"445",187(그랑메종2단지),경기도 성남시 중원구 금광동 580 ,"62","62",2025-08-05,0.40
"446",188(그랑메종3단지),경기도 성남시 중원구 금광동 1042 ,"56","56",2025-08-05,0.40
"447",189(그랑메종4단지),경기도 성남시 중원구 금광동 1944 ,"38","38",2025-08-05,0.40
"448",190(그랑메종5단지),경기도 성남시 중원구 금광동 2026 ,"42","42",2025-08-05,0.40
"449",195(사기막골로),경기도 성남시 중원구 상대원동 252-1 ,"7","7",2025-08-05,0.40
"450",20-1(시민로-광명로),경기도 성남시 중원구 중앙동 2569-1 ,"52","52",2025-08-05,0.40
"451","074(돌마로터널등)",경기도 성남시 중원구 도촌동 441-4,"24","20",2025-08-05,0.40
"452",128(황송굴다리),경기도 성남시 중원구 금광2동 2480-11,"6","11",2025-08-05,0.40
"453",191(순환로),경기도 성남시 중원구 은행동 545,"49","49",2025-08-05,0.40
"454",192(순환로),경기도 성남시 중원구 은행동 102-13,"59","59",2025-08-05,0.40
"455",193(순환로),경기도 성남시 중원구 은행동 87-30,"21","21",2025-08-05,0.40
"456",194(순환로),경기도 성남시 중원구 은행동 87-30,"23","23",2025-08-05,0.40
"457",196(순환로방음터널 상행),경기도 성남시 중원구 은행동 1939-3,"60","60",2025-08-05,0.40
"458",197(순환로방음터널 하행),경기도 성남시 중원구 은행동 1936,"52","52",2025-08-05,0.40
"459",고기로1,경기도 성남시 분당구 동원동  243-1,"86","131",2025-08-05,0.40
"460",구미로1,경기도 성남시 분당구 구미동  202,"58","83",2025-08-05,0.40
"461",구미로2,경기도 성남시 분당구 구미동  205-1,"36","59",2025-08-05,0.40
"462",구미로3,경기도 성남시 분당구 구미동  240,"48","50",2025-08-05,0.40
"463",구미로4,경기도 성남시 분당구 구미동  242,"21","21",2025-08-05,0.40
"464",구미로5,경기도 성남시 분당구 구미동  303-6,"58","76",2025-08-05,0.40
"465",구미로6,경기도 성남시 분당구 구미동  187-4,"40","45",2025-08-05,0.40
"466",구미로173번길1,경기도 성남시 분당구 구미동  285,"80","81",2025-08-05,0.40
"467",구미로185번길1(표찰없음),경기도 성남시 분당구 구미동  296,"8","8",2025-08-05,0.40
"468",국정원분전함,경기도 성남시 분당구 석운동  7-10,"11","11",2025-08-05,0.40
"469",궁내로1,경기도 성남시 분당구 궁내동  344-3,"33","33",2025-08-05,0.40
"470",금곡로1,경기도 성남시 분당구 정자동  183-1,"36","47",2025-08-05,0.40
"471",금곡로2,경기도 성남시 분당구 정자동  181,"39","52",2025-08-05,0.40
"472",금곡로3,경기도 성남시 분당구 금곡동  214,"34","39",2025-08-05,0.40
"473",금곡로4,경기도 성남시 분당구 구미동  95-2,"40","45",2025-08-05,0.40
"474",금곡로5,경기도 성남시 분당구 구미동  149-3,"44","80",2025-08-05,0.40
"475",내정로1,경기도 성남시 분당구 정자동  189-11,"67","76",2025-08-05,0.40
"476",내정로2,경기도 성남시 분당구 정자동  93-2,"61","72",2025-08-05,0.40
"477",내정로3,경기도 성남시 분당구 수내동  55,"44","71",2025-08-05,0.40
"478",내정로4,경기도 성남시 분당구 수내동  36,"59","100",2025-08-05,0.40
"479",내정로173번길1,경기도 성남시 분당구 수내동  38-2,"21","39",2025-08-05,0.40
"480",느티로1,경기도 성남시 분당구 정자동  16-1,"10","13",2025-08-05,0.40
"481",느티로2,경기도 성남시 분당구 정자동  93-3,"57","75",2025-08-05,0.40
"482",대왕판교로1,경기도 성남시 분당구 동원동  37-35,"21","49",2025-08-05,0.40
"483",대왕판교로2,경기도 성남시 분당구 금곡동  444-148,"15","15",2025-08-05,0.40
"484",대왕판교로3,경기도 성남시 분당구 금곡동  477,"18","18",2025-08-05,0.40
"485",대왕판교로4,경기도 성남시 분당구 금곡동  456,"11","11",2025-08-05,0.40
"486",대왕판교로5,경기도 성남시 분당구 궁내동  276-3,"50","50",2025-08-05,0.40
"487",대왕판교로6,경기도 성남시 분당구 백현동  410,"35","49",2025-08-05,0.40
"488",대왕판교로7,경기도 성남시 분당구 백현동  523-2,"22","58",2025-08-05,0.40
"489",대왕판교로8,경기도 성남시 분당구 백현동  519-2,"18","36",2025-08-05,0.40
"490",대왕판교로9,경기도 성남시 분당구 삼평동  639-3,"21","43",2025-08-05,0.40
"491",대왕판교로10,경기도 성남시 분당구 삼평동  682-1,"40","81",2025-08-05,0.40
"492",대왕판교로11,경기도 성남시 분당구 삼평동  668-3,"39","86",2025-08-05,0.40
"493",대왕판교로12,경기도 성남시 분당구 삼평동  639-1,"24","48",2025-08-05,0.40
"494",대왕판교로13,경기도 성남시 분당구 백현동  409-1,"33","55",2025-08-05,0.40
"495",대왕판교로14,경기도 성남시 분당구 궁내동  192-7,"43","43",2025-08-05,0.40
"496",대왕판교로15,경기도 성남시 분당구 금곡동  97-1,"37","37",2025-08-05,0.40
"497",대왕판교로16,경기도 성남시 분당구 금곡동  344,"40","40",2025-08-05,0.40
"498",대왕판교로17,경기도 성남시 분당구 금곡동  456,"23","30",2025-08-05,0.40
"499",대왕판교로18,경기도 성남시 분당구 금곡동  477,"24","24",2025-08-05,0.40
"500",대왕판교로19,경기도 성남시 분당구 금곡동  477,"22","22",2025-08-05,0.40
"501",대왕판교로20,경기도 성남시 분당구 금곡동  477,"18","20",2025-08-05,0.40
"502",대왕판교로21,경기도 성남시 분당구 금곡동  477,"18","18",2025-08-05,0.40
"503",대왕판교로22,경기도 성남시 분당구 동원동  53-2,"10","19",2025-08-05,0.40
"504",대왕판교로385번길1,경기도 성남시 분당구 백현동  399-5,"6","6",2025-08-05,0.40
"505",대왕판교로560번길1,경기도 성남시 분당구 백현동  521-4,"22","22",2025-08-05,0.40
"506",대왕판교로560번길2,경기도 성남시 분당구 백현동  521-5,"13","13",2025-08-05,0.40
"507",대왕판교로606번길1,경기도 성남시 분당구 삼평동  739-1,"35","70",2025-08-05,0.40
"508",대왕판교로606번길3,경기도 성남시 분당구 백현동  641-1,"36","72",2025-08-05,0.40
"509",대왕판교로644번길1,경기도 성남시 분당구 삼평동  730,"17","35",2025-08-05,0.40
"510",대왕판교로644번길2,경기도 성남시 분당구 삼평동  669,"54","108",2025-08-05,0.40
"511",돌마로1,경기도 성남시 분당구 정자동  252,"41","61",2025-08-05,0.40
"512",돌마로2,경기도 성남시 분당구 정자동  257-1,"54","87",2025-08-05,0.40
"513",돌마로3,경기도 성남시 분당구 정자동  106-4,"46","55",2025-08-05,0.40
"514",돌마로4,경기도 성남시 분당구 수내동  69-1,"25","54",2025-08-05,0.40
"515",돌마로5,경기도 성남시 분당구 서현동  106-3,"19","25",2025-08-05,0.40
"516",돌마로6,경기도 성남시 분당구 서현동  159,"24","38",2025-08-05,0.40
"517",돌마로7,경기도 성남시 분당구 이매동  337-1,"20","30",2025-08-05,0.40
"518",돌마로8,경기도 성남시 분당구 야탑동  327-1,"29","58",2025-08-05,0.40
"519",돌마로9,경기도 성남시 분당구 야탑동  197-1,"43","70",2025-08-05,0.40
"520",돌마로10,경기도 성남시 분당구 야탑동  168-1,"37","72",2025-08-05,0.40
"521",돌마로11,경기도 성남시 분당구 이매동  337-1,"20","30",2025-08-05,0.40
"522",돌마로12,경기도 성남시 분당구 서현동  159,"25","39",2025-08-05,0.40
"523",돌마로13,경기도 성남시 분당구 서현동  107-2,"19","25",2025-08-05,0.40
"524",돌마로14,경기도 성남시 분당구 서현동  284-2,"19","27",2025-08-05,0.40
"525",돌마로15,경기도 성남시 분당구 수내동  70,"17","25",2025-08-05,0.40
"526",돌마로16,경기도 성남시 분당구 수내동  69-2,"27","52",2025-08-05,0.40
"527",돌마로17,경기도 성남시 분당구 금곡동  216,"53","103",2025-08-05,0.40
"528",돌마로18,경기도 성남시 분당구 금곡동  140,"37","56",2025-08-05,0.40
"529",돌마로19,경기도 성남시 분당구 금곡동  199-1,"56","62",2025-08-05,0.40
"530",돌마로356번길1,경기도 성남시 분당구 수내동  126-2,"22","48",2025-08-05,0.40
"531",돌마로476번길1,경기도 성남시 분당구 서현동  353-3,"20","39",2025-08-05,0.40
"532",동막로1,경기도 성남시 분당구 대장동  310-2,"26","26",2025-08-05,0.40
"533",동막로2,경기도 성남시 분당구 동원동  243-1,"27","27",2025-08-05,0.40
"534",동막로3,경기도 성남시 분당구 동원동  243-1,"23","23",2025-08-05,0.40
"535",동막로4,경기도 성남시 분당구 동원동  158-1,"31","31",2025-08-05,0.40
"536",동막로5,경기도 성남시 분당구 동원동  158-1,"21","32",2025-08-05,0.40
"537",동막로6,경기도 성남시 분당구 동원동  289-9,"22","22",2025-08-05,0.40
"538",동막로7,경기도 성남시 분당구 동원동  243-1,"14","14",2025-08-05,0.40
"539",동막로8,경기도 성남시 분당구 대장동  310-2,"19","19",2025-08-05,0.40
"540",동막로9,경기도 성남시 분당구 대장동  310-2,"18","19",2025-08-05,0.40
"541",동원로1,경기도 성남시 분당구 동원동  94-3,"26","27",2025-08-05,0.40
"542",동판교로1,경기도 성남시 분당구 백현동  559,"23","47",2025-08-05,0.40
"543",동판교로2,경기도 성남시 분당구 백현동  546-4,"19","40",2025-08-05,0.40
"544",동판교로3,경기도 성남시 분당구 삼평동  743-1,"18","38",2025-08-05,0.40
"545",동판교로4,경기도 성남시 분당구 삼평동  728,"20","44",2025-08-05,0.40
"546",동판교로5,경기도 성남시 분당구 삼평동  709-1,"23","46",2025-08-05,0.40
"547",동판교로6,경기도 성남시 분당구 삼평동  709-1,"18","36",2025-08-05,0.40
"548",동판교로7,경기도 성남시 분당구 삼평동  727-1,"20","44",2025-08-05,0.40
"549",동판교로8,경기도 성남시 분당구 삼평동  742-1,"19","38",2025-08-05,0.40
"550",동판교로9,경기도 성남시 분당구 백현동  546-6,"25","52",2025-08-05,0.40
"551",동판교로10,경기도 성남시 분당구 백현동  544-1,"27","56",2025-08-05,0.40
"552",동판교로52번길1,경기도 성남시 분당구 백현동  593,"39","53",2025-08-05,0.40
"553",동판교로60번길1,경기도 성남시 분당구 백현동  606,"9","18",2025-08-05,0.40
"554",동판교로177번길1,경기도 성남시 분당구 삼평동  738,"11","22",2025-08-05,0.40
"555",무지개로1,경기도 성남시 분당구 구미동  303-3,"56","116",2025-08-05,0.40
"556",문정로1,경기도 성남시 분당구 율동  361-2,"32","32",2025-08-05,0.40
"557",미금로1,경기도 성남시 분당구 구미동  구미동111,"65","90",2025-08-05,0.40
"558",미금일로1,경기도 성남시 분당구 구미동  144-4,"38","71",2025-08-05,0.40
"559",미금일로2,경기도 성남시 분당구 구미동  95-2,"50","115",2025-08-05,0.40
"560",미금일로3,경기도 성남시 분당구 구미동  95-2,"38","53",2025-08-05,0.40
"561",발이봉남로1,경기도 성남시 분당구 수내동  130-1,"33","34",2025-08-05,0.40
"562",발이봉북로1,경기도 성남시 분당구 수내동  127-2,"24","25",2025-08-05,0.40
"563",백현로1,경기도 성남시 분당구 정자동  46-3,"46","64",2025-08-05,0.40
"564",백현로2,경기도 성남시 분당구 수내동  124-1,"48","85",2025-08-05,0.40
"565",백현로3,경기도 성남시 분당구 정자동  94-7,"27","31",2025-08-05,0.40
"566",벌말로30번길1,경기도 성남시 분당구 야탑동  265,"45","58",2025-08-05,0.40
"567",분당내곡로1,경기도 성남시 분당구 백현동  541-1,"19","40",2025-08-05,0.40
"568",분당내곡로2,경기도 성남시 분당구 백현동  553-1,"15","34",2025-08-05,0.40
"569",분당내곡로3,경기도 성남시 분당구 백현동  542-2,"18","37",2025-08-05,0.40
"570",분당내곡로4,경기도 성남시 분당구 삼평동  740,"9","18",2025-08-05,0.40
"571",분당내곡로4-1(누락),경기도 성남시 분당구 삼평동  739-1,"14","28",2025-08-05,0.40
"572",분당내곡로5,경기도 성남시 분당구 삼평동  703-3,"16","40",2025-08-05,0.40
"573",분당내곡로6,경기도 성남시 분당구 삼평동  703-3,"11","22",2025-08-05,0.40
"574",분당내곡로7,경기도 성남시 분당구 삼평동  703-3,"12","30",2025-08-05,0.40
"575",분당내곡로8,경기도 성남시 분당구 삼평동  688-2,"15","32",2025-08-05,0.40
"576",분당내곡로9,경기도 성남시 분당구 삼평동  658,"9","18",2025-08-05,0.40
"577",분당내곡로10,경기도 성남시 분당구 백현동  산 4-18,"18","37",2025-08-05,0.40
"578",분당내곡로11,경기도 성남시 분당구 백현동  554-2,"15","32",2025-08-05,0.40
"579",분당내곡로12,경기도 성남시 분당구 백현동  541-1,"21","42",2025-08-05,0.40
"580",분당로1,경기도 성남시 분당구 수내동  65,"36","71",2025-08-05,0.40
"581",분당로2,경기도 성남시 분당구 분당동  34,"33","62",2025-08-05,0.40
"582",분당로3,경기도 성남시 분당구 분당동  132,"29","69",2025-08-05,0.40
"583",분당로4,경기도 성남시 분당구 서현동  301,"42","46",2025-08-05,0.40
"584",분당로5,경기도 성남시 분당구 서현동  266-1,"43","65",2025-08-05,0.40
"585",분당로263번길1,경기도 성남시 분당구 서현동  314-1,"40","54",2025-08-05,0.40
"586",분당로263번길2,경기도 성남시 분당구 분당동  72,"70","112",2025-08-05,0.40
"587",분당로359번길1,경기도 성남시 분당구 분당동  144,"51","70",2025-08-05,0.40
"588",분당수서로1,경기도 성남시 분당구 구미동  174,"27","29",2025-08-05,0.40
"589",분당수서로2,경기도 성남시 분당구 구미동  197-2,"24","25",2025-08-05,0.40
"590",분당수서로3,경기도 성남시 분당구 구미동  197-16,"3","3",2025-08-05,0.40
"591",분당수서로3-1(방음벽 안쪽),경기도 성남시 분당구 구미동  197-14,"43","43",2025-08-05,0.40
"592",분당수서로4,경기도 성남시 분당구 정자동  162-2,"23","25",2025-08-05,0.40
"593",분당수서로5,경기도 성남시 분당구 정자동  6,"112","155",2025-08-05,0.40
"594",분당수서로6,경기도 성남시 분당구 수내동  41-1,"44","95",2025-08-05,0.40
"595",분당수서로7,경기도 성남시 분당구 야탑동  ,"11","12",2025-08-05,0.40
"596",분당수서로8,경기도 성남시 분당구 삼평동  638,"6","9",2025-08-05,0.40
"597",분당수서로9,경기도 성남시 분당구 정자동  94-7,"23","25",2025-08-05,0.40
"598",분당수서로9-1(표찰없음),경기도 성남시 분당구 정자동  5-1,"2","2",2025-08-05,0.40
"599",분당수서로10,경기도 성남시 분당구 금곡동  224,"71","71",2025-08-05,0.40
"600",분당수서로10-1(표찰없음),경기도 성남시 분당구 구미동  173-8,"15","44",2025-08-05,0.40
"601",분당수서로10-2(표찰없음),경기도 성남시 분당구 구미동  173-1,"1","56",2025-08-05,0.40
"602",불곡로1,경기도 성남시 분당구 정자동  222-7,"47","59",2025-08-05,0.40
"603",불정로1,경기도 성남시 분당구 수내동  125-2,"20","20",2025-08-05,0.40
"604",불정로2,경기도 성남시 분당구 서현동  353-4,"45","61",2025-08-05,0.40
"605",불정로3,경기도 성남시 분당구 분당동  39,"49","66",2025-08-05,0.40
"606",불정로4,경기도 성남시 분당구 정자동  110,"33","33",2025-08-05,0.40
"607",불정로5,경기도 성남시 분당구 정자동  255-3,"63","87",2025-08-05,0.40
"608",불정로6,경기도 성남시 분당구 정자동  138-4,"26","33",2025-08-05,0.40
"609",불정로7,경기도 성남시 분당구 정자동  140-10,"24","34",2025-08-05,0.40
"610",불정로8,경기도 성남시 분당구 정자동  170-1,"49","51",2025-08-05,0.40
"611",불정로23번길1,경기도 성남시 분당구 정자동  170-1,"19","19",2025-08-05,0.40
"612",불정로376번길1,경기도 성남시 분당구 서현동  310,"22","38",2025-08-05,0.40
"613",산운로1,경기도 성남시 분당구 운중동  1001-14,"18","35",2025-08-05,0.40
"614",산운로2,경기도 성남시 분당구 운중동  985-14,"24","24",2025-08-05,0.40
"615",산운로3,경기도 성남시 분당구 운중동  989,"27","55",2025-08-05,0.40
"616",산운로56번길1,경기도 성남시 분당구 운중동  892-8,"34","58",2025-08-05,0.40
"617",산운로165번길1,경기도 성남시 분당구 운중동  990,"11","11",2025-08-05,0.40
"618",새마을로1,경기도 성남시 분당구 율동  311,"20","40",2025-08-05,0.40
"619",새마을로2,경기도 성남시 분당구 서현동  43-1,"28","56",2025-08-05,0.40
"620",새마을로3,경기도 성남시 분당구 서현동  104-1,"51","102",2025-08-05,0.40
"621",새마을로83번길1,경기도 성남시 분당구 서현동  23-5,"0","0",2025-08-05,0.40
"622",서판교로1,경기도 성남시 분당구 판교동  584-4,"57","113",2025-08-05,0.40
"623",서판교로2,경기도 성남시 분당구 판교동  492,"18","36",2025-08-05,0.40
"624",서판교로3,경기도 성남시 분당구 판교동  553,"42","81",2025-08-05,0.40
"625",서판교로4,경기도 성남시 분당구 판교동  585,"36","70",2025-08-05,0.40
"626",서판교로32번길1,경기도 성남시 분당구 판교동  573,"5","5",2025-08-05,0.40
"627",서판교로44번길1,경기도 성남시 분당구 판교동  560-10,"53","53",2025-08-05,0.40
"628",서판교로132번길1,경기도 성남시 분당구 판교동  518-1,"5","5",2025-08-05,0.40
"629",서현로1,경기도 성남시 분당구 백현동  519-1,"40","49",2025-08-05,0.40
"630",서현로2,경기도 성남시 분당구 백현동  522,"17","34",2025-08-05,0.40
"631",서현로3,경기도 성남시 분당구 백현동  555-1,"20","55",2025-08-05,0.40
"632",서현로4,경기도 성남시 분당구 백현동  553,"24","49",2025-08-05,0.40
"633",서현로5,경기도 성남시 분당구 서현동  281-1,"22","37",2025-08-05,0.40
"634",서현로6,경기도 성남시 분당구 서현동  283-1,"27","45",2025-08-05,0.40
"635",서현로7,경기도 성남시 분당구 서현동  283-1,"48","92",2025-08-05,0.40
"636",서현로8,경기도 성남시 분당구 서현동  346-2,"31","47",2025-08-05,0.40
"637",서현로9,경기도 성남시 분당구 분당동  산 43-15,"65","96",2025-08-05,0.40
"638",서현로10,경기도 성남시 분당구 분당동  191-3,"28","38",2025-08-05,0.40
"639",서현로11,경기도 성남시 분당구 분당동  113,"60","103",2025-08-05,0.40
"640",서현로12,경기도 성남시 분당구 서현동  344-1,"40","47",2025-08-05,0.40
"641",서현로13,경기도 성남시 분당구 이매동  129-8,"20","28",2025-08-05,0.40
"642",서현로14,경기도 성남시 분당구 백현동  542-3,"19","50",2025-08-05,0.40
"643",서현로15,경기도 성남시 분당구 백현동  529-2,"18","42",2025-08-05,0.40
"644",서현로180번길1,경기도 성남시 분당구 서현동  260-1,"52","53",2025-08-05,0.40
"645",서현로429번길1(주차장분전함),경기도 성남시 분당구 분당동  101,"8","8",2025-08-05,0.40
"646",석운로1,경기도 성남시 분당구 운중동  산 99-6,"17","17",2025-08-05,0.40
"647",성남대로1,경기도 성남시 분당구 구미동  20,"38","53",2025-08-05,0.40
"648",성남대로2,경기도 성남시 분당구 구미동  22,"36","59",2025-08-05,0.40
"649",성남대로3,경기도 성남시 분당구 금곡동  156,"34","38",2025-08-05,0.40
"650",성남대로4,경기도 성남시 분당구 금곡동  144,"29","45",2025-08-05,0.40
"651",성남대로5,경기도 성남시 분당구 금곡동  129,"44","69",2025-08-05,0.40
"652",성남대로6,경기도 성남시 분당구 정자동  95-1,"32","35",2025-08-05,0.40
"653",성남대로7,경기도 성남시 분당구 정자동  79-1,"27","39",2025-08-05,0.40
"654",성남대로8,경기도 성남시 분당구 수내동  39-2,"17","26",2025-08-05,0.40
"655",성남대로9,경기도 성남시 분당구 수내동  66,"46","50",2025-08-05,0.40
"656",성남대로11,경기도 성남시 분당구 야탑동  ,"18","37",2025-08-05,0.40
"657",성남대로12,경기도 성남시 분당구 이매동  129-1,"25","47",2025-08-05,0.40
"658",성남대로13,경기도 성남시 분당구 이매동  129-2,"42","83",2025-08-05,0.40
"659",성남대로14,경기도 성남시 분당구 정자동  7,"29","34",2025-08-05,0.40
"660",성남대로15,경기도 성남시 분당구 구미동  197-2,"45","50",2025-08-05,0.40
"661",성남대로16,경기도 성남시 분당구 구미동  174,"31","39",2025-08-05,0.40
"662",성남대로779번길1,경기도 성남시 분당구 이매동  129-10,"55","79",2025-08-05,0.40
"663",성남대로779번길2,경기도 성남시 분당구 이매동  152-6,"46","77",2025-08-05,0.40
"664",쇳골로1,경기도 성남시 분당구 금곡동  64-7,"12","14",2025-08-05,0.40
"665",수내로1,경기도 성남시 분당구 분당동  59-1,"55","97",2025-08-05,0.40
"666",수내로2,경기도 성남시 분당구 수내동  69-1,"37","69",2025-08-05,0.40
"667",수내로3,경기도 성남시 분당구 수내동  40-3,"56","69",2025-08-05,0.40
"668",신수로1(수지구청),경기도 성남시 분당구 구미동  819-2,"13","39",2025-08-05,0.40
"669",안골로1,경기도 성남시 분당구 서현동  231-21,"8","8",2025-08-05,0.40
"670",안양판교로1,경기도 성남시 분당구 운중동  산 87-2,"36","36",2025-08-05,0.40
"671",안양판교로2,경기도 성남시 분당구 운중동  산 94-31,"32","32",2025-08-05,0.40
"672",안양판교로3,경기도 성남시 분당구 운중동  168-1,"23","23",2025-08-05,0.40
"673",안양판교로4,경기도 성남시 분당구 운중동  903-2,"15","15",2025-08-05,0.40
"674",안양판교로5,경기도 성남시 분당구 운중동  914,"18","31",2025-08-05,0.40
"675",안양판교로6,경기도 성남시 분당구 운중동  914-1,"18","30",2025-08-05,0.40
"676",안양판교로7,경기도 성남시 분당구 백현동  455-1,"46","80",2025-08-05,0.40
"677",안양판교로8,경기도 성남시 분당구 백현동  487-4,"70","70",2025-08-05,0.40
"678",안양판교로8-1(누락),경기도 성남시 분당구 백현동  500-36,"25","25",2025-08-05,0.40
"679",안양판교로9,경기도 성남시 분당구 하산운동  266-50,"31","31",2025-08-05,0.40
"680",안양판교로10,경기도 성남시 분당구 하산운동  281-4,"21","21",2025-08-05,0.40
"681",안양판교로11,경기도 성남시 분당구 운중동  921-5,"20","26",2025-08-05,0.40
"682",안양판교로12,경기도 성남시 분당구 운중동  903-2,"25","26",2025-08-05,0.40
"683",안양판교로13,경기도 성남시 분당구 운중동  168-1,"32","51",2025-08-05,0.40
"684",안양판교로14,경기도 성남시 분당구 운중동  459-7,"32","51",2025-08-05,0.40
"685",안양판교로15,경기도 성남시 분당구 운중동  산 87-2,"36","56",2025-08-05,0.40
"686",안양판교로828번길1,경기도 성남시 분당구 운중동  413,"7","7",2025-08-05,0.40
"687",안양판교로828번길2,경기도 성남시 분당구 운중동  109-5,"27","27",2025-08-05,0.40
"688",안양판교로828번길3(표찰없음),경기도 성남시 분당구 석운동  13,"20","28",2025-08-05,0.40
"689",야탑로1,경기도 성남시 분당구 야탑동  502,"56","104",2025-08-05,0.40
"690",야탑로2,경기도 성남시 분당구 야탑동  514-4,"32","55",2025-08-05,0.40
"691",야탑로3,경기도 성남시 분당구 야탑동  518,"40","68",2025-08-05,0.40
"692",야탑로4,경기도 성남시 분당구 야탑동  197-2,"39","63",2025-08-05,0.40
"693",야탑로5,경기도 성남시 분당구 야탑동  195,"58","82",2025-08-05,0.40
"694",야탑로6,경기도 성남시 분당구 야탑동  175-1,"44","71",2025-08-05,0.40
"695",야탑로7,경기도 성남시 분당구 야탑동  358-5,"13","19",2025-08-05,0.40
"696",야탑로8,경기도 성남시 분당구 야탑동  486,"23","23",2025-08-05,0.40
"697",야탑로65번길1,경기도 성남시 분당구 야탑동  346,"28","28",2025-08-05,0.40
"698",야탑로271번길1,경기도 성남시 분당구 야탑동  197-3,"49","53",2025-08-05,0.40
"699",양현로1,경기도 성남시 분당구 서현동  277,"64","105",2025-08-05,0.40
"700",양현로2,경기도 성남시 분당구 야탑동  344-1,"50","76",2025-08-05,0.40
"701",양현로3,경기도 성남시 분당구 야탑동 593,"43","86",2025-08-05,0.40
"702",양현로4,경기도 성남시 분당구 이매동  129-8,"30","61",2025-08-05,0.40
"703",양현로94번길1,경기도 성남시 분당구 이매동  121,"32","36",2025-08-05,0.40
"704",예원로6번길1,경기도 성남시 분당구 분당동  57-2,"23","24",2025-08-05,0.40
"705",운중로1,경기도 성남시 분당구 운중동  900,"24","53",2025-08-05,0.40
"706",운중로2,경기도 성남시 분당구 운중동  954-2,"17","37",2025-08-05,0.40
"707",운중로3,경기도 성남시 분당구 운중동  948-1,"59","94",2025-08-05,0.40
"708",운중로4,경기도 성남시 분당구 운중동  1019-10,"54","78",2025-08-05,0.40
"709",운중로5,경기도 성남시 분당구 판교동  624,"53","103",2025-08-05,0.40
"710",운중로6,경기도 성남시 분당구 운중동  1001-16,"57","84",2025-08-05,0.40
"711",운중로7,경기도 성남시 분당구 운중동  958-1,"33","60",2025-08-05,0.40
"712",운중로8,경기도 성남시 분당구 운중동  956-1,"30","46",2025-08-05,0.40
"713",운중로9,경기도 성남시 분당구 운중동  883-7,"33","67",2025-08-05,0.40
"714",운중로10(구조물관리과 소관),경기도 성남시 분당구 운중동  902-1,"3","14",2025-08-05,0.40
"715",운중로125번길1(녹지공원과),경기도 성남시 분당구 운중동  977-1,"0","0",2025-08-05,0.40
"716",운중로125번길2,경기도 성남시 분당구 운중동  973-9,"51","75",2025-08-05,0.40
"717",운중로178번길1(점멸기 철거),경기도 성남시 분당구 운중동  1027,"0","0",2025-08-05,0.40
"718",운중로187번길1,경기도 성남시 분당구 운중동  1012,"26","32",2025-08-05,0.40
"719",운중로225번길1,경기도 성남시 분당구 판교동  553,"37","52",2025-08-05,0.40
"720",운중로257번길1,경기도 성남시 분당구 판교동  601-4,"55","69",2025-08-05,0.40
"721",운중터널(변전실),경기도 성남시 분당구 운중동  산 94-1,"14","14",2025-08-05,0.40
"722",이매로1,경기도 성남시 분당구 이매동  261-1,"50","77",2025-08-05,0.40
"723",이매로2,경기도 성남시 분당구 이매동  129-2,"14","27",2025-08-05,0.40
"724",이매로3,경기도 성남시 분당구 이매동  115-2,"33","47",2025-08-05,0.40
"725",이매로4,경기도 성남시 분당구 이매동  146-6,"47","65",2025-08-05,0.40
"726",장미로1,경기도 성남시 분당구 야탑동  488-2,"33","64",2025-08-05,0.40
"727",장미로2,경기도 성남시 분당구 야탑동  328-2,"32","45",2025-08-05,0.40
"728",장미로3,경기도 성남시 분당구 야탑동  215,"58","87",2025-08-05,0.40
"729",장미로4,경기도 성남시 분당구 야탑동  340,"29","31",2025-08-05,0.40
"730",장미로5,경기도 성남시 분당구 야탑동  485-17,"59","103",2025-08-05,0.40
"731",장미로100번길1(녹지공원과),경기도 성남시 분당구 야탑동  372-17,"4","4",2025-08-05,0.40
"732",장안로1,경기도 성남시 분당구 분당동  170-7,"41","95",2025-08-05,0.40
"733",장안로2,경기도 성남시 분당구 분당동  70,"38","71",2025-08-05,0.40
"734",장안로25번길1,경기도 성남시 분당구 분당동  90-1,"31","79",2025-08-05,0.40
"735",점골어린이공원(녹지공원과분전함),경기도 성남시 분당구 서현동  332,"11","12",2025-08-05,0.40
"736",정자로1,경기도 성남시 분당구 정자동  100-3,"48","58",2025-08-05,0.40
"737",정자로2,경기도 성남시 분당구 정자동  189-3,"46","71",2025-08-05,0.40
"738",정자로3,경기도 성남시 분당구 정자동  155-2,"50","80",2025-08-05,0.40
"739",정자일로1,경기도 성남시 분당구 금곡동  180,"46","74",2025-08-05,0.40
"740",정자일로2,경기도 성남시 분당구 정자동  14-3,"41","67",2025-08-05,0.40
"741",주차지원과분전함,경기도 성남시 분당구 궁내동  366-30,"0","0",2025-08-05,0.40
"742",중앙공원로1,경기도 성남시 분당구 서현동  289-3,"43","85",2025-08-05,0.40
"743",중앙공원로31번길1,경기도 성남시 분당구 서현동  91,"55","111",2025-08-05,0.40
"744",중앙공원로39번길1,경기도 성남시 분당구 서현동  91,"32","40",2025-08-05,0.40
"745",중앙공원로40번길1,경기도 성남시 분당구 서현동  284-1,"32","56",2025-08-05,0.40
"746",큰골어린이공원 분전함 2분기,경기도 성남시 분당구 구미동  252,"4","12",2025-08-05,0.40
"747",탄천로1,경기도 성남시 분당구 야탑동  485-4,"60","63",2025-08-05,0.40
"748",탄천로105-1 ~ 105-2 전원,경기도 성남시 분당구 이매동  133,"0","0",2025-08-05,0.40
"749",탄천상로1,경기도 성남시 분당구 구미동  197-3,"41","45",2025-08-05,0.40
"750",탄천상로2,경기도 성남시 분당구 구미동  197-7,"43","56",2025-08-05,0.40
"751",탄천상로3,경기도 성남시 분당구 구미동  197-10,"24","30",2025-08-05,0.40
"752",탄천상로151번길1,경기도 성남시 분당구 구미동  197-4,"22","24",2025-08-05,0.40
"753",판교로1,경기도 성남시 분당구 판교동  623,"76","132",2025-08-05,0.40
"754",판교로2,경기도 성남시 분당구 판교동  514-13,"47","78",2025-08-05,0.40
"755",판교로3,경기도 성남시 분당구 판교동  494-2,"47","83",2025-08-05,0.40
"756",판교로4,경기도 성남시 분당구 삼평동  622-1,"17","38",2025-08-05,0.40
"757",판교로5,경기도 성남시 분당구 삼평동  685,"16","32",2025-08-05,0.40
"758",판교로6,경기도 성남시 분당구 삼평동  720,"25","55",2025-08-05,0.40
"759",판교로7,경기도 성남시 분당구 이매동  97-1,"50","68",2025-08-05,0.40
"760",판교로8,경기도 성남시 분당구 야탑동  544-5,"53","104",2025-08-05,0.40
"761",판교로9,경기도 성남시 분당구 야탑동  198-1,"60","103",2025-08-05,0.40
"762",판교로10,경기도 성남시 분당구 야탑동  161,"34","52",2025-08-05,0.40
"763",판교로11,경기도 성남시 분당구 야탑동  553-1,"59","99",2025-08-05,0.40
"764",판교로12,경기도 성남시 분당구 삼평동  717-6,"22","49",2025-08-05,0.40
"765",판교로13,경기도 성남시 분당구 삼평동  691-1,"24","49",2025-08-05,0.40
"766",판교로14,경기도 성남시 분당구 삼평동  621-1,"17","33",2025-08-05,0.40
"767",판교로19번길1,경기도 성남시 분당구 운중동  1045-6,"19","19",2025-08-05,0.40
"768",판교로25번길1,경기도 성남시 분당구 운중동  1034-4,"11","11",2025-08-05,0.40
"769",판교로197번길1,경기도 성남시 분당구 판교동  499,"29","29",2025-08-05,0.40
"770",판교로209번길1,경기도 성남시 분당구 판교동  508-10,"32","33",2025-08-05,0.40
"771",판교로210번길1,경기도 성남시 분당구 판교동  509-12,"88","88",2025-08-05,0.40
"772",판교로210번길2,경기도 성남시 분당구 판교동  509-12,"45","51",2025-08-05,0.40
"773",판교로228번길1,경기도 성남시 분당구 삼평동  636-2,"27","48",2025-08-05,0.40
"774",판교로255번길1,경기도 성남시 분당구 삼평동  612-2,"41","82",2025-08-05,0.40
"775",판교로255번길2,경기도 성남시 분당구 삼평동  621,"32","63",2025-08-05,0.40
"776",판교로256번길1,경기도 성남시 분당구 삼평동  626,"37","74",2025-08-05,0.40
"777",판교로256번길2,경기도 성남시 분당구 삼평동  624,"31","54",2025-08-05,0.40
"778",판교로289번길1,경기도 성남시 분당구 삼평동  694-2,"24","58",2025-08-05,0.40
"779",판교로319번길1,경기도 성남시 분당구 삼평동  698-1,"27","54",2025-08-05,0.40
"780",판교백현로1,경기도 성남시 분당구 백현동  492-25,"17","34",2025-08-05,0.40
"781",판교역로1,경기도 성남시 분당구 백현동  567,"16","32",2025-08-05,0.40
"782",판교역로2,경기도 성남시 분당구 백현동  555,"33","66",2025-08-05,0.40
"783",판교역로2번길1,경기도 성남시 분당구 백현동  564-8,"36","36",2025-08-05,0.40
"784",판교역로3,경기도 성남시 분당구 백현동  531-1,"29","58",2025-08-05,0.40
"785",판교역로4,경기도 성남시 분당구 삼평동  664-1,"69","138",2025-08-05,0.40
"786",판교역로5,경기도 성남시 분당구 삼평동  679,"27","54",2025-08-05,0.40
"787",판교역로6,경기도 성남시 분당구 삼평동  680,"23","46",2025-08-05,0.40
"788",판교역로7,경기도 성남시 분당구 백현동  525,"19","38",2025-08-05,0.40
"789",판교역로50번길1,경기도 성남시 분당구 백현동  567-1,"38","55",2025-08-05,0.40
"790",판교역로146번길1,경기도 성남시 분당구 백현동  산 4-16,"17","34",2025-08-05,0.40
"791",판교역로226번길1,경기도 성남시 분당구 삼평동  675-1,"19","38",2025-08-05,0.40
"792",판교역로241번길1,경기도 성남시 분당구 삼평동  681,"16","33",2025-08-05,0.40
"793",판교원로1,경기도 성남시 분당구 운중동  910-9,"47","71",2025-08-05,0.40
"794",판교원로2,경기도 성남시 분당구 판교동  632-1,"37","59",2025-08-05,0.40
"795",판교원로3,경기도 성남시 분당구 판교동  638-3,"28","56",2025-08-05,0.40
"796",판교원로4,경기도 성남시 분당구 판교동  649-4,"61","73",2025-08-05,0.40
"797",판교원로5,경기도 성남시 분당구 운중동  925-1,"40","62",2025-08-05,0.40
"798",판교원로6,경기도 성남시 분당구 운중동  921-2,"30","63",2025-08-05,0.40
"799",판교원로7,경기도 성남시 분당구 판교동  655,"15","30",2025-08-05,0.40
"800",판교원로82번길1,경기도 성남시 분당구 운중동  917-8,"46","77",2025-08-05,0.40
"801",판교원로82번길2,경기도 성남시 분당구 운중동  917-1,"15","33",2025-08-05,0.40
"802",하오개로344번길1,경기도 성남시 분당구 운중동  448-30,"6","6",2025-08-05,0.40
"803",하오개로401번길1,경기도 성남시 분당구 운중동  880-10,"53","70",2025-08-05,0.40
"804",하오개로[16~18]전원,경기도 성남시 분당구 운중동  448-34,"0","0",2025-08-05,0.40
"805",황새울로1,경기도 성남시 분당구 정자동  122,"50","65",2025-08-05,0.40
"806",황새울로2,경기도 성남시 분당구 정자동  77,"41","81",2025-08-05,0.40
"807",황새울로2-1,경기도 성남시 분당구 정자동  27,"1","3",2025-08-05,0.40
"808",황새울로3,경기도 성남시 분당구 수내동  40-6,"62","64",2025-08-05,0.40
"809",황새울로200번길1,경기도 성남시 분당구 수내동  21-4,"39","39",2025-08-05,0.40
"810",황새울로258번길1,경기도 성남시 분당구 수내동  9-1,"50","54",2025-08-05,0.40
"811",황새울로312번길1,경기도 성남시 분당구 서현동  271-3,"54","58",2025-08-05,0.40
"812",황새울로360번길1,경기도 성남시 분당구 서현동  249-1,"46","46",2025-08-05,0.40
"813",판교대장로1(LP-18),경기도 성남시 분당구 대장동 321-2,"34","39",2025-08-05,0.40
"814",판교대장로2(LP-14),경기도 성남시 분당구 대장동 316-1,"17","30",2025-08-05,0.40
"815",판교대장로3(LP-10),경기도 성남시 분당구 대장동 246-1,"8","19",2025-08-05,0.40
"816",판교대장로4길1(LP-17),경기도 성남시 분당구 대장동 235-1,"35","35",2025-08-05,0.40
"817",판교대장로5길1(LP-12),경기도 성남시 분당구 대장동 642,"18","41",2025-08-05,0.40
"818",판교대장로5길2(LP-8),경기도 성남시 분당구 대장동 642,"21","45",2025-08-05,0.40
"819",판교대장로6(LP-6),경기도 성남시 분당구 대장동 38-2,"34","62",2025-08-05,0.40
"820",판교대장로6길1(LP-7),경기도 성남시 분당구 대장동 200-18,"21","45",2025-08-05,0.40
"821",판교대장로7(LP-9),경기도 성남시 분당구 대장동 229-13,"11","22",2025-08-05,0.40
"822",판교대장로7길1(LP-3),경기도 성남시 분당구 대장동 산 19-26,"17","34",2025-08-05,0.40
"823",판교대장로7길2(LP-1),경기도 성남시 분당구 대장동 590,"14","20",2025-08-05,0.40
"824",판교대장로7길3(LP-16),경기도 성남시 분당구 대장동 103,"22","28",2025-08-05,0.40
"825",판교대장로7길4(LP-15),경기도 성남시 분당구 대장동 산 19-42,"18","18",2025-08-05,0.40
"826",판교대장로7길5(LP-2),경기도 성남시 분당구 대장동 84-4,"26","56",2025-08-05,0.40
"827",판교대장로8(LP-11),경기도 성남시 분당구 대장동 산 35-7,"9","19",2025-08-05,0.40
"828",판교대장로9(LP-13),경기도 성남시 분당구 대장동 239-3,"26","38",2025-08-05,0.40
